lg	lg_from	lg_to	genome_from	genome_to	uniq_mapped	SNPs	SVs
1	lg1	0	1e+06	0	0	0.479	10	1
2	lg1	1e+06	2e+06	1e+06	1e+06	0.093	5	1
3	lg1	2e+06	3e+06	2e+06	2e+06	0.153	4	0
4	lg1	3e+06	4e+06	3e+06	3e+06	0.327	11	0
5	lg1	4e+06	5e+06	4e+06	4e+06	0.232	859	5
6	lg1	5e+06	6e+06	5e+06	5e+06	0.383	27	0
7	lg1	6e+06	7e+06	6e+06	6e+06	0.68	31	0
8	lg1	7e+06	8e+06	7e+06	7e+06	0.515	23	0
9	lg1	8e+06	9e+06	8e+06	8e+06	0.271	5	0
10	lg1	9e+06	1e+07	9e+06	9e+06	0.077	5	0
11	lg1	1e+07	1.1e+07	1e+07	1e+07	0	0	0
12	lg1	1.1e+07	1.2e+07	1.1e+07	1.1e+07	0.178	7	2
13	lg1	1.2e+07	1.3e+07	1.2e+07	1.2e+07	0.829	24	1
14	lg1	1.3e+07	1.4e+07	1.3e+07	1.3e+07	0.306	11	2
15	lg1	1.4e+07	1.5e+07	1.4e+07	1.4e+07	0	0	0
16	lg1	1.5e+07	1.6e+07	1.5e+07	1.5e+07	0.312	11	0
17	lg1	1.6e+07	1.7e+07	1.6e+07	1.6e+07	0.235	6	0
18	lg1	1.7e+07	1.8e+07	1.7e+07	1.7e+07	0.175	12	0
19	lg1	1.8e+07	1.9e+07	1.8e+07	1.8e+07	0.448	15	0
20	lg1	1.9e+07	2e+07	1.9e+07	1.9e+07	0.335	14	2
21	lg1	2e+07	2.1e+07	2e+07	2e+07	0.345	14	2
22	lg1	2.1e+07	2.2e+07	2.1e+07	2.1e+07	0.378	20	2
23	lg1	2.2e+07	2.3e+07	2.2e+07	2.2e+07	0.175	5	0
24	lg1	2.3e+07	2.4e+07	2.3e+07	2.3e+07	0.27	18	0
25	lg1	2.4e+07	2.5e+07	2.4e+07	2.4e+07	0.346	12	0
26	lg1	2.5e+07	2.6e+07	2.5e+07	2.5e+07	0.217	11	0
27	lg1	2.6e+07	2.7e+07	2.6e+07	2.6e+07	0.304	13	1
28	lg1	2.7e+07	2.8e+07	2.7e+07	2.7e+07	0.117	8	0
29	lg1	2.8e+07	2.9e+07	2.8e+07	2.8e+07	0.263	7	1
30	lg1	2.9e+07	3e+07	2.9e+07	2.9e+07	0.037	1	1
31	lg1	3e+07	3.1e+07	3e+07	3e+07	0	0	0
32	lg1	3.1e+07	3.2e+07	3.1e+07	3.1e+07	0.115	14	1
33	lg1	3.2e+07	3.3e+07	3.2e+07	3.2e+07	0.116	1	0
34	lg1	3.3e+07	3.4e+07	3.3e+07	3.3e+07	0.173	5	1
35	lg1	3.4e+07	3.5e+07	3.4e+07	3.4e+07	0.438	27	0
36	lg1	3.5e+07	3.6e+07	3.5e+07	3.5e+07	0.651	31	0
37	lg1	3.6e+07	3.7e+07	3.6e+07	3.6e+07	0.638	35	0
38	lg1	3.7e+07	3.8e+07	3.7e+07	3.7e+07	0.38	19	1
39	lg1	3.8e+07	3.9e+07	3.8e+07	3.8e+07	0.513	16	1
40	lg1	3.9e+07	4e+07	3.9e+07	3.9e+07	0.478	21	0
41	lg1	4e+07	4.1e+07	4e+07	4e+07	0.458	32	0
42	lg1	4.1e+07	4.2e+07	4.1e+07	4.1e+07	0.253	10	2
43	lg1	4.2e+07	4.3e+07	4.2e+07	4.2e+07	0.406	16	2
44	lg1	4.3e+07	4.4e+07	4.3e+07	4.3e+07	0.071	2	1
45	lg1	4.4e+07	4.5e+07	4.4e+07	4.4e+07	0.127	6	0
46	lg1	4.5e+07	4.6e+07	4.5e+07	4.5e+07	0.132	11	1
47	lg1	4.6e+07	4.7e+07	4.6e+07	4.6e+07	0.296	13	0
48	lg1	4.7e+07	4.8e+07	4.7e+07	4.7e+07	0.615	24	2
49	lg1	4.8e+07	4.9e+07	4.8e+07	4.8e+07	0.345	23	0
50	lg1	4.9e+07	5e+07	4.9e+07	4.9e+07	0.553	24	1
51	lg1	5e+07	5.1e+07	5e+07	5e+07	0.503	17	0
52	lg1	5.1e+07	5.2e+07	5.1e+07	5.1e+07	0.591	29	0
53	lg1	5.2e+07	5.3e+07	5.2e+07	5.2e+07	0.147	5	0
54	lg1	5.3e+07	5.4e+07	5.3e+07	5.3e+07	0.279	17	2
55	lg1	5.4e+07	5.5e+07	5.4e+07	5.4e+07	0.242	11	2
56	lg1	5.5e+07	5.6e+07	5.5e+07	5.5e+07	0.184	5	0
57	lg1	5.6e+07	5.7e+07	5.6e+07	5.6e+07	0	3	0
58	lg1	5.7e+07	5.8e+07	5.7e+07	5.7e+07	0	0	0
59	lg1	5.8e+07	5.9e+07	5.8e+07	5.8e+07	0	0	0
60	lg1	5.9e+07	6e+07	5.9e+07	5.9e+07	0	0	0
61	lg2	0	1e+06	6e+07	6e+07	0.085	1	0
62	lg2	1e+06	2e+06	6.1e+07	6.1e+07	0.096	3	0
63	lg2	2e+06	3e+06	6.2e+07	6.2e+07	0.156	22	0
64	lg2	3e+06	4e+06	6.3e+07	6.3e+07	0.269	17	1
65	lg2	4e+06	5e+06	6.4e+07	6.4e+07	0.059	4	0
66	lg2	5e+06	6e+06	6.5e+07	6.5e+07	0.018	0	0
67	lg2	6e+06	7e+06	6.6e+07	6.6e+07	0.147	8	0
68	lg2	7e+06	8e+06	6.7e+07	6.7e+07	0.127	4	0
69	lg2	8e+06	9e+06	6.8e+07	6.8e+07	0	0	0
70	lg2	9e+06	1e+07	6.9e+07	6.9e+07	0.284	76	0
71	lg2	1e+07	1.1e+07	7e+07	7e+07	0.036	24	0
72	lg2	1.1e+07	1.2e+07	7.1e+07	7.1e+07	0.297	14	0
73	lg2	1.2e+07	1.3e+07	7.2e+07	7.2e+07	0.302	15	0
74	lg2	1.3e+07	1.4e+07	7.3e+07	7.3e+07	0.12	46	0
75	lg2	1.4e+07	1.5e+07	7.4e+07	7.4e+07	0.507	74	3
76	lg2	1.5e+07	1.6e+07	7.5e+07	7.5e+07	0.705	1084	11
77	lg2	1.6e+07	1.7e+07	7.6e+07	7.6e+07	0.838	700	7
78	lg2	1.7e+07	1.8e+07	7.7e+07	7.7e+07	0.526	124	1
79	lg2	1.8e+07	1.9e+07	7.8e+07	7.8e+07	0.635	413	4
80	lg2	1.9e+07	2e+07	7.9e+07	7.9e+07	0.718	123	1
81	lg2	2e+07	2.1e+07	8e+07	8e+07	0.923	94	3
82	lg2	2.1e+07	2.2e+07	8.1e+07	8.1e+07	0.876	72	8
83	lg2	2.2e+07	2.3e+07	8.2e+07	8.2e+07	0.932	2318	12
84	lg2	2.3e+07	2.4e+07	8.3e+07	8.3e+07	0.525	787	9
85	lg2	2.4e+07	2.5e+07	8.4e+07	8.4e+07	0.933	1098	11
86	lg2	2.5e+07	2.6e+07	8.5e+07	8.5e+07	0.784	42	2
87	lg2	2.6e+07	2.7e+07	8.6e+07	8.6e+07	0.674	32	2
88	lg2	2.7e+07	2.8e+07	8.7e+07	8.7e+07	0.301	16	1
89	lg2	2.8e+07	2.9e+07	8.8e+07	8.8e+07	0.605	34	1
90	lg2	2.9e+07	3e+07	8.9e+07	8.9e+07	0.763	54	0
91	lg2	3e+07	3.1e+07	9e+07	9e+07	0.341	21	1
92	lg2	3.1e+07	3.2e+07	9.1e+07	9.1e+07	0.609	30	4
93	lg2	3.2e+07	3.3e+07	9.2e+07	9.2e+07	0.254	18	1
94	lg2	3.3e+07	3.4e+07	9.3e+07	9.3e+07	0.061	1	1
95	lg2	3.4e+07	3.5e+07	9.4e+07	9.4e+07	0.373	14	0
96	lg2	3.5e+07	3.6e+07	9.5e+07	9.5e+07	0.176	10	1
97	lg2	3.6e+07	3.7e+07	9.6e+07	9.6e+07	0.158	5	0
98	lg2	3.7e+07	3.8e+07	9.7e+07	9.7e+07	0.223	9	1
99	lg2	3.8e+07	3.9e+07	9.8e+07	9.8e+07	0.815	43	3
100	lg2	3.9e+07	4e+07	9.9e+07	9.9e+07	0.406	14	4
101	lg2	4e+07	4.1e+07	1e+08	1e+08	0.959	38	6
102	lg2	4.1e+07	4.2e+07	1.01e+08	1.01e+08	0.6	40	3
103	lg2	4.2e+07	4.3e+07	1.02e+08	1.02e+08	0.474	31	1
104	lg2	4.3e+07	4.4e+07	1.03e+08	1.03e+08	0.132	8	1
105	lg2	4.4e+07	4.5e+07	1.04e+08	1.04e+08	0	27	4
106	lg2	4.5e+07	4.6e+07	1.05e+08	1.05e+08	0	0	0
107	lg2	4.6e+07	4.7e+07	1.06e+08	1.06e+08	0	0	0
108	lg2	4.7e+07	4.8e+07	1.07e+08	1.07e+08	0	0	0
109	lg3	0	1e+06	1.08e+08	1.08e+08	0.199	4	0
110	lg3	1e+06	2e+06	1.09e+08	1.09e+08	0.23	11	1
111	lg3	2e+06	3e+06	1.1e+08	1.1e+08	0.308	14	1
112	lg3	3e+06	4e+06	1.11e+08	1.11e+08	0.134	421	6
113	lg3	4e+06	5e+06	1.12e+08	1.12e+08	0.105	2	0
114	lg3	5e+06	6e+06	1.13e+08	1.13e+08	0.437	16	4
115	lg3	6e+06	7e+06	1.14e+08	1.14e+08	0.741	36	7
116	lg3	7e+06	8e+06	1.15e+08	1.15e+08	0.64	14	3
117	lg3	8e+06	9e+06	1.16e+08	1.16e+08	0.285	12	3
118	lg3	9e+06	1e+07	1.17e+08	1.17e+08	0.094	5	0
119	lg3	1e+07	1.1e+07	1.18e+08	1.18e+08	0.63	20	3
120	lg3	1.1e+07	1.2e+07	1.19e+08	1.19e+08	0.691	26	3
121	lg3	1.2e+07	1.3e+07	1.2e+08	1.2e+08	0.77	29	2
122	lg3	1.3e+07	1.4e+07	1.21e+08	1.21e+08	0.543	26	1
123	lg3	1.4e+07	1.5e+07	1.22e+08	1.22e+08	0.744	31	1
124	lg3	1.5e+07	1.6e+07	1.23e+08	1.23e+08	0.737	782	3
125	lg3	1.6e+07	1.7e+07	1.24e+08	1.24e+08	0.192	4	0
126	lg3	1.7e+07	1.8e+07	1.25e+08	1.25e+08	0.728	33	2
127	lg3	1.8e+07	1.9e+07	1.26e+08	1.26e+08	0.714	39	3
128	lg3	1.9e+07	2e+07	1.27e+08	1.27e+08	0.891	41	4
129	lg3	2e+07	2.1e+07	1.28e+08	1.28e+08	0.647	49	0
130	lg3	2.1e+07	2.2e+07	1.29e+08	1.29e+08	0.641	46	2
131	lg3	2.2e+07	2.3e+07	1.3e+08	1.3e+08	0.954	50	0
132	lg3	2.3e+07	2.4e+07	1.31e+08	1.31e+08	0.777	38	0
133	lg3	2.4e+07	2.5e+07	1.32e+08	1.32e+08	0.731	33	0
134	lg3	2.5e+07	2.6e+07	1.33e+08	1.33e+08	0.781	51	2
135	lg3	2.6e+07	2.7e+07	1.34e+08	1.34e+08	0.928	38	3
136	lg3	2.7e+07	2.8e+07	1.35e+08	1.35e+08	0.738	1949	17
137	lg3	2.8e+07	2.9e+07	1.36e+08	1.36e+08	0.942	2160	16
138	lg3	2.9e+07	3e+07	1.37e+08	1.37e+08	0.738	890	6
139	lg3	3e+07	3.1e+07	1.38e+08	1.38e+08	0.748	543	13
140	lg3	3.1e+07	3.2e+07	1.39e+08	1.39e+08	0.916	245	5
141	lg3	3.2e+07	3.3e+07	1.4e+08	1.4e+08	0.922	51	2
142	lg3	3.3e+07	3.4e+07	1.41e+08	1.41e+08	0.819	37	2
143	lg3	3.4e+07	3.5e+07	1.42e+08	1.42e+08	0.941	39	1
144	lg3	3.5e+07	3.6e+07	1.43e+08	1.43e+08	0.841	39	1
145	lg3	3.6e+07	3.7e+07	1.44e+08	1.44e+08	0.905	29	1
146	lg3	3.7e+07	3.8e+07	1.45e+08	1.45e+08	0.556	32	1
147	lg3	3.8e+07	3.9e+07	1.46e+08	1.46e+08	0.886	48	2
148	lg3	3.9e+07	4e+07	1.47e+08	1.47e+08	0.79	31	2
149	lg3	4e+07	4.1e+07	1.48e+08	1.48e+08	0.863	27	4
150	lg3	4.1e+07	4.2e+07	1.49e+08	1.49e+08	0.99	136	2
151	lg3	4.2e+07	4.3e+07	1.5e+08	1.5e+08	0.995	84	3
152	lg3	4.3e+07	4.4e+07	1.51e+08	1.51e+08	0.937	85	5
153	lg3	4.4e+07	4.5e+07	1.52e+08	1.52e+08	0.947	85	2
154	lg3	4.5e+07	4.6e+07	1.53e+08	1.53e+08	0.723	48	1
155	lg3	4.6e+07	4.7e+07	1.54e+08	1.54e+08	0.656	100	5
156	lg3	4.7e+07	4.8e+07	1.55e+08	1.55e+08	0.873	1144	10
157	lg3	4.8e+07	4.9e+07	1.56e+08	1.56e+08	0.557	350	1
158	lg3	4.9e+07	5e+07	1.57e+08	1.57e+08	0.705	1117	14
159	lg3	5e+07	5.1e+07	1.58e+08	1.58e+08	0.536	19	1
160	lg3	5.1e+07	5.2e+07	1.59e+08	1.59e+08	0.696	24	1
161	lg3	5.2e+07	5.3e+07	1.6e+08	1.6e+08	0.428	27	1
162	lg3	5.3e+07	5.4e+07	1.61e+08	1.61e+08	0.866	29	1
163	lg3	5.4e+07	5.5e+07	1.62e+08	1.62e+08	0.736	29	1
164	lg3	5.5e+07	5.6e+07	1.63e+08	1.63e+08	0.637	24	2
165	lg3	5.6e+07	5.7e+07	1.64e+08	1.64e+08	0.109	5	0
166	lg3	5.7e+07	5.8e+07	1.65e+08	1.65e+08	0.146	13	0
167	lg3	5.8e+07	5.9e+07	1.66e+08	1.66e+08	0	0	1
168	lg3	5.9e+07	6e+07	1.67e+08	1.67e+08	0.443	9	3
169	lg3	6e+07	6.1e+07	1.68e+08	1.68e+08	0.838	30	4
170	lg3	6.1e+07	6.2e+07	1.69e+08	1.69e+08	0.618	21	1
171	lg3	6.2e+07	6.3e+07	1.7e+08	1.7e+08	0.49	15	3
172	lg3	6.3e+07	6.4e+07	1.71e+08	1.71e+08	0.703	23	2
173	lg3	6.4e+07	6.5e+07	1.72e+08	1.72e+08	0.728	37	1
174	lg3	6.5e+07	6.6e+07	1.73e+08	1.73e+08	0.546	20	2
175	lg3	6.6e+07	6.7e+07	1.74e+08	1.74e+08	0.27	13	2
176	lg3	6.7e+07	6.8e+07	1.75e+08	1.75e+08	0.335	21	3
177	lg3	6.8e+07	6.9e+07	1.76e+08	1.76e+08	0.255	16	0
178	lg3	6.9e+07	7e+07	1.77e+08	1.77e+08	0.185	11	1
179	lg3	7e+07	7.1e+07	1.78e+08	1.78e+08	0.045	2	0
180	lg3	7.1e+07	7.2e+07	1.79e+08	1.79e+08	0	0	0
181	lg3	7.2e+07	7.3e+07	1.8e+08	1.8e+08	0.439	24	2
182	lg3	7.3e+07	7.4e+07	1.81e+08	1.81e+08	0.478	20	0
183	lg3	7.4e+07	7.5e+07	1.82e+08	1.82e+08	0.559	26	1
184	lg3	7.5e+07	7.6e+07	1.83e+08	1.83e+08	0.454	23	0
185	lg3	7.6e+07	7.7e+07	1.84e+08	1.84e+08	0.367	23	1
186	lg3	7.7e+07	7.8e+07	1.85e+08	1.85e+08	0.393	12	0
187	lg3	7.8e+07	7.9e+07	1.86e+08	1.86e+08	0.47	24	3
188	lg3	7.9e+07	8e+07	1.87e+08	1.87e+08	0.493	22	2
189	lg3	8e+07	8.1e+07	1.88e+08	1.88e+08	0.271	8	1
190	lg3	8.1e+07	8.2e+07	1.89e+08	1.89e+08	0.287	17	0
191	lg3	8.2e+07	8.3e+07	1.9e+08	1.9e+08	0.219	6	1
192	lg3	8.3e+07	8.4e+07	1.91e+08	1.91e+08	0.546	30	1
193	lg3	8.4e+07	8.5e+07	1.92e+08	1.92e+08	0.823	29	5
194	lg3	8.5e+07	8.6e+07	1.93e+08	1.93e+08	0.538	309	2
195	lg3	8.6e+07	8.7e+07	1.94e+08	1.94e+08	0.774	41	1
196	lg3	8.7e+07	8.8e+07	1.95e+08	1.95e+08	0.657	30	2
197	lg3	8.8e+07	8.9e+07	1.96e+08	1.96e+08	0.638	29	2
198	lg3	8.9e+07	9e+07	1.97e+08	1.97e+08	0.619	19	0
199	lg3	9e+07	9.1e+07	1.98e+08	1.98e+08	0.694	30	3
200	lg3	9.1e+07	9.2e+07	1.99e+08	1.99e+08	0.893	58	3
201	lg3	9.2e+07	9.3e+07	2e+08	2e+08	0.664	38	1
202	lg3	9.3e+07	9.4e+07	2.01e+08	2.01e+08	0.49	37	2
203	lg3	9.4e+07	9.5e+07	2.02e+08	2.02e+08	0.548	35	3
204	lg3	9.5e+07	9.6e+07	2.03e+08	2.03e+08	0.57	22	1
205	lg3	9.6e+07	9.7e+07	2.04e+08	2.04e+08	0.475	14	1
206	lg3	9.7e+07	9.8e+07	2.05e+08	2.05e+08	0.895	14	0
207	lg3	9.8e+07	9.9e+07	2.06e+08	2.06e+08	0.757	21	2
208	lg3	9.9e+07	1e+08	2.07e+08	2.07e+08	0.841	21	1
209	lg3	1e+08	1.01e+08	2.08e+08	2.08e+08	0.468	16	0
210	lg3	1.01e+08	1.02e+08	2.09e+08	2.09e+08	0.64	20	0
211	lg3	1.02e+08	1.03e+08	2.1e+08	2.1e+08	0.595	16	2
212	lg3	1.03e+08	1.04e+08	2.11e+08	2.11e+08	0.459	18	0
213	lg3	1.04e+08	1.05e+08	2.12e+08	2.12e+08	0.592	21	1
214	lg3	1.05e+08	1.06e+08	2.13e+08	2.13e+08	0.455	18	1
215	lg3	1.06e+08	1.07e+08	2.14e+08	2.14e+08	0.473	15	1
216	lg3	1.07e+08	1.08e+08	2.15e+08	2.15e+08	0.446	14	1
217	lg3	1.08e+08	1.09e+08	2.16e+08	2.16e+08	0.634	21	1
218	lg3	1.09e+08	1.1e+08	2.17e+08	2.17e+08	0.275	7	1
219	lg3	1.1e+08	1.11e+08	2.18e+08	2.18e+08	0.576	13	3
220	lg3	1.11e+08	1.12e+08	2.19e+08	2.19e+08	0.568	23	1
221	lg3	1.12e+08	1.13e+08	2.2e+08	2.2e+08	0.874	29	1
222	lg3	1.13e+08	1.14e+08	2.21e+08	2.21e+08	0.654	27	2
223	lg3	1.14e+08	1.15e+08	2.22e+08	2.22e+08	0.715	30	3
224	lg3	1.15e+08	1.16e+08	2.23e+08	2.23e+08	0.848	35	1
225	lg3	1.16e+08	1.17e+08	2.24e+08	2.24e+08	0.744	33	0
226	lg3	1.17e+08	1.18e+08	2.25e+08	2.25e+08	0.873	30	2
227	lg3	1.18e+08	1.19e+08	2.26e+08	2.26e+08	0.857	33	0
228	lg3	1.19e+08	1.2e+08	2.27e+08	2.27e+08	0.75	33	1
229	lg3	1.2e+08	1.21e+08	2.28e+08	2.28e+08	0.499	22	0
230	lg3	1.21e+08	1.22e+08	2.29e+08	2.29e+08	0.392	14	0
231	lg3	1.22e+08	1.23e+08	2.3e+08	2.3e+08	0.436	17	0
232	lg3	1.23e+08	1.24e+08	2.31e+08	2.31e+08	0.512	14	0
233	lg3	1.24e+08	1.25e+08	2.32e+08	2.32e+08	0.746	53	1
234	lg3	1.25e+08	1.26e+08	2.33e+08	2.33e+08	0.326	6	0
235	lg3	1.26e+08	1.27e+08	2.34e+08	2.34e+08	0.158	12	0
236	lg3	1.27e+08	1.28e+08	2.35e+08	2.35e+08	0.089	8	0
237	lg3	1.28e+08	1.29e+08	2.36e+08	2.36e+08	0	20	2
238	lg3	1.29e+08	1.3e+08	2.37e+08	2.37e+08	0	0	0
239	lg3	1.3e+08	1.31e+08	2.38e+08	2.38e+08	0	0	0
240	lg3	1.31e+08	1.32e+08	2.39e+08	2.39e+08	0	0	0
241	lg4	0	1e+06	2.4e+08	2.4e+08	0.203	2	0
242	lg4	1e+06	2e+06	2.41e+08	2.41e+08	0.248	14	2
243	lg4	2e+06	3e+06	2.42e+08	2.42e+08	0.202	5	1
244	lg4	3e+06	4e+06	2.43e+08	2.43e+08	0.35	11	2
245	lg4	4e+06	5e+06	2.44e+08	2.44e+08	0.326	15	0
246	lg4	5e+06	6e+06	2.45e+08	2.45e+08	0.107	4	0
247	lg4	6e+06	7e+06	2.46e+08	2.46e+08	0.127	174	2
248	lg4	7e+06	8e+06	2.47e+08	2.47e+08	0.409	474	10
249	lg4	8e+06	9e+06	2.48e+08	2.48e+08	0.432	48	1
250	lg4	9e+06	1e+07	2.49e+08	2.49e+08	0.209	7	0
251	lg4	1e+07	1.1e+07	2.5e+08	2.5e+08	0.109	7	0
252	lg4	1.1e+07	1.2e+07	2.51e+08	2.51e+08	0.357	58	4
253	lg4	1.2e+07	1.3e+07	2.52e+08	2.52e+08	0.332	12	1
254	lg4	1.3e+07	1.4e+07	2.53e+08	2.53e+08	0.457	27	1
255	lg4	1.4e+07	1.5e+07	2.54e+08	2.54e+08	0.81	81	2
256	lg4	1.5e+07	1.6e+07	2.55e+08	2.55e+08	0.499	44	0
257	lg4	1.6e+07	1.7e+07	2.56e+08	2.56e+08	0.706	31	2
258	lg4	1.7e+07	1.8e+07	2.57e+08	2.57e+08	0.517	38	0
259	lg4	1.8e+07	1.9e+07	2.58e+08	2.58e+08	0.26	17	1
260	lg4	1.9e+07	2e+07	2.59e+08	2.59e+08	0.562	19	2
261	lg4	2e+07	2.1e+07	2.6e+08	2.6e+08	0.435	22	0
262	lg4	2.1e+07	2.2e+07	2.61e+08	2.61e+08	0.568	33	1
263	lg4	2.2e+07	2.3e+07	2.62e+08	2.62e+08	0.424	20	0
264	lg4	2.3e+07	2.4e+07	2.63e+08	2.63e+08	0.268	9	2
265	lg4	2.4e+07	2.5e+07	2.64e+08	2.64e+08	0.454	18	1
266	lg4	2.5e+07	2.6e+07	2.65e+08	2.65e+08	0.596	22	2
267	lg4	2.6e+07	2.7e+07	2.66e+08	2.66e+08	0.23	8	0
268	lg4	2.7e+07	2.8e+07	2.67e+08	2.67e+08	0.271	13	1
269	lg4	2.8e+07	2.9e+07	2.68e+08	2.68e+08	0.215	11	1
270	lg4	2.9e+07	3e+07	2.69e+08	2.69e+08	0.19	10	0
271	lg4	3e+07	3.1e+07	2.7e+08	2.7e+08	0.099	6	1
272	lg4	3.1e+07	3.2e+07	2.71e+08	2.71e+08	0.068	5	0
273	lg4	3.2e+07	3.3e+07	2.72e+08	2.72e+08	0.137	3	0
274	lg4	3.3e+07	3.4e+07	2.73e+08	2.73e+08	0.232	11	0
275	lg4	3.4e+07	3.5e+07	2.74e+08	2.74e+08	0.072	24	0
276	lg4	3.5e+07	3.6e+07	2.75e+08	2.75e+08	0.101	18	1
277	lg4	3.6e+07	3.7e+07	2.76e+08	2.76e+08	0.75	40	1
278	lg4	3.7e+07	3.8e+07	2.77e+08	2.77e+08	0.748	20	0
279	lg4	3.8e+07	3.9e+07	2.78e+08	2.78e+08	0.822	33	0
280	lg4	3.9e+07	4e+07	2.79e+08	2.79e+08	0.582	29	3
281	lg4	4e+07	4.1e+07	2.8e+08	2.8e+08	0.604	21	0
282	lg4	4.1e+07	4.2e+07	2.81e+08	2.81e+08	0.166	6	0
283	lg4	4.2e+07	4.3e+07	2.82e+08	2.82e+08	0.441	20	0
284	lg4	4.3e+07	4.4e+07	2.83e+08	2.83e+08	0.871	27	3
285	lg4	4.4e+07	4.5e+07	2.84e+08	2.84e+08	0.777	60	2
286	lg4	4.5e+07	4.6e+07	2.85e+08	2.85e+08	0.847	60	1
287	lg4	4.6e+07	4.7e+07	2.86e+08	2.86e+08	0.765	27	4
288	lg4	4.7e+07	4.8e+07	2.87e+08	2.87e+08	0.651	28	0
289	lg4	4.8e+07	4.9e+07	2.88e+08	2.88e+08	0.822	30	4
290	lg4	4.9e+07	5e+07	2.89e+08	2.89e+08	0.907	46	0
291	lg4	5e+07	5.1e+07	2.9e+08	2.9e+08	0.887	29	1
292	lg4	5.1e+07	5.2e+07	2.91e+08	2.91e+08	0.846	24	4
293	lg4	5.2e+07	5.3e+07	2.92e+08	2.92e+08	0.936	34	1
294	lg4	5.3e+07	5.4e+07	2.93e+08	2.93e+08	0.422	16	0
295	lg4	5.4e+07	5.5e+07	2.94e+08	2.94e+08	0.808	32	3
296	lg4	5.5e+07	5.6e+07	2.95e+08	2.95e+08	0.905	23	2
297	lg4	5.6e+07	5.7e+07	2.96e+08	2.96e+08	0.914	25	1
298	lg4	5.7e+07	5.8e+07	2.97e+08	2.97e+08	0.58	13	1
299	lg4	5.8e+07	5.9e+07	2.98e+08	2.98e+08	0.89	31	1
300	lg4	5.9e+07	6e+07	2.99e+08	2.99e+08	0.818	16	0
301	lg4	6e+07	6.1e+07	3e+08	3e+08	0.698	35	5
302	lg4	6.1e+07	6.2e+07	3.01e+08	3.01e+08	0.764	1150	10
303	lg4	6.2e+07	6.3e+07	3.02e+08	3.02e+08	0.899	374	4
304	lg4	6.3e+07	6.4e+07	3.03e+08	3.03e+08	0.779	543	8
305	lg4	6.4e+07	6.5e+07	3.04e+08	3.04e+08	0.626	769	7
306	lg4	6.5e+07	6.6e+07	3.05e+08	3.05e+08	0.642	567	5
307	lg4	6.6e+07	6.7e+07	3.06e+08	3.06e+08	0.922	46	2
308	lg4	6.7e+07	6.8e+07	3.07e+08	3.07e+08	0.871	64	0
309	lg4	6.8e+07	6.9e+07	3.08e+08	3.08e+08	0.884	593	9
310	lg4	6.9e+07	7e+07	3.09e+08	3.09e+08	0.838	2000	13
311	lg4	7e+07	7.1e+07	3.1e+08	3.1e+08	0.9	330	1
312	lg4	7.1e+07	7.2e+07	3.11e+08	3.11e+08	0.934	167	2
313	lg4	7.2e+07	7.3e+07	3.12e+08	3.12e+08	0.946	44	2
314	lg4	7.3e+07	7.4e+07	3.13e+08	3.13e+08	0.876	36	1
315	lg4	7.4e+07	7.5e+07	3.14e+08	3.14e+08	0.773	23	1
316	lg4	7.5e+07	7.6e+07	3.15e+08	3.15e+08	0.895	27	1
317	lg4	7.6e+07	7.7e+07	3.16e+08	3.16e+08	0.84	40	1
318	lg4	7.7e+07	7.8e+07	3.17e+08	3.17e+08	0.903	1100	11
319	lg4	7.8e+07	7.9e+07	3.18e+08	3.18e+08	0.956	227	3
320	lg4	7.9e+07	8e+07	3.19e+08	3.19e+08	0.808	159	0
321	lg4	8e+07	8.1e+07	3.2e+08	3.2e+08	0.874	1502	20
322	lg4	8.1e+07	8.2e+07	3.21e+08	3.21e+08	0.648	2085	15
323	lg4	8.2e+07	8.3e+07	3.22e+08	3.22e+08	0.923	842	11
324	lg4	8.3e+07	8.4e+07	3.23e+08	3.23e+08	0.772	101	1
325	lg4	8.4e+07	8.5e+07	3.24e+08	3.24e+08	0.904	34	0
326	lg4	8.5e+07	8.6e+07	3.25e+08	3.25e+08	0.701	22	2
327	lg4	8.6e+07	8.7e+07	3.26e+08	3.26e+08	0.803	25	3
328	lg4	8.7e+07	8.8e+07	3.27e+08	3.27e+08	0.641	30	7
329	lg4	8.8e+07	8.9e+07	3.28e+08	3.28e+08	0.755	54	2
330	lg4	8.9e+07	9e+07	3.29e+08	3.29e+08	0.708	36	4
331	lg4	9e+07	9.1e+07	3.3e+08	3.3e+08	0.613	472	4
332	lg4	9.1e+07	9.2e+07	3.31e+08	3.31e+08	0.799	31	3
333	lg4	9.2e+07	9.3e+07	3.32e+08	3.32e+08	0.753	48	3
334	lg4	9.3e+07	9.4e+07	3.33e+08	3.33e+08	0.822	45	1
335	lg4	9.4e+07	9.5e+07	3.34e+08	3.34e+08	0.734	50	4
336	lg4	9.5e+07	9.6e+07	3.35e+08	3.35e+08	0.661	26	4
337	lg4	9.6e+07	9.7e+07	3.36e+08	3.36e+08	0.733	34	1
338	lg4	9.7e+07	9.8e+07	3.37e+08	3.37e+08	0.773	53	3
339	lg4	9.8e+07	9.9e+07	3.38e+08	3.38e+08	0.831	37	1
340	lg4	9.9e+07	1e+08	3.39e+08	3.39e+08	0.783	34	1
341	lg4	1e+08	1.01e+08	3.4e+08	3.4e+08	0.68	43	4
342	lg4	1.01e+08	1.02e+08	3.41e+08	3.41e+08	0.586	32	1
343	lg4	1.02e+08	1.03e+08	3.42e+08	3.42e+08	0.853	20	2
344	lg4	1.03e+08	1.04e+08	3.43e+08	3.43e+08	0.669	23	1
345	lg4	1.04e+08	1.05e+08	3.44e+08	3.44e+08	0.785	41	2
346	lg4	1.05e+08	1.06e+08	3.45e+08	3.45e+08	0.482	20	0
347	lg4	1.06e+08	1.07e+08	3.46e+08	3.46e+08	0.444	21	0
348	lg4	1.07e+08	1.08e+08	3.47e+08	3.47e+08	0.644	28	2
349	lg4	1.08e+08	1.09e+08	3.48e+08	3.48e+08	0.374	9	1
350	lg4	1.09e+08	1.1e+08	3.49e+08	3.49e+08	0.872	2836	17
351	lg4	1.1e+08	1.11e+08	3.5e+08	3.5e+08	0.841	542	6
352	lg4	1.11e+08	1.12e+08	3.51e+08	3.51e+08	0.533	45	2
353	lg4	1.12e+08	1.13e+08	3.52e+08	3.52e+08	0.839	1405	16
354	lg4	1.13e+08	1.14e+08	3.53e+08	3.53e+08	0.733	1796	9
355	lg4	1.14e+08	1.15e+08	3.54e+08	3.54e+08	0.82	1077	26
356	lg4	1.15e+08	1.16e+08	3.55e+08	3.55e+08	0.601	45	3
357	lg4	1.16e+08	1.17e+08	3.56e+08	3.56e+08	0	11	0
358	lg4	1.17e+08	1.18e+08	3.57e+08	3.57e+08	0.079	43	2
359	lg4	1.18e+08	1.19e+08	3.58e+08	3.58e+08	0.547	28	3
360	lg4	1.19e+08	1.2e+08	3.59e+08	3.59e+08	0.669	31	1
361	lg4	1.2e+08	1.21e+08	3.6e+08	3.6e+08	0.389	23	0
362	lg4	1.21e+08	1.22e+08	3.61e+08	3.61e+08	0.168	6	0
363	lg4	1.22e+08	1.23e+08	3.62e+08	3.62e+08	0.154	7	0
364	lg4	1.23e+08	1.24e+08	3.63e+08	3.63e+08	0	3	0
365	lg4	1.24e+08	1.25e+08	3.64e+08	3.64e+08	0	0	0
366	lg4	1.25e+08	1.26e+08	3.65e+08	3.65e+08	0	0	0
367	lg4	1.26e+08	1.27e+08	3.66e+08	3.66e+08	0	0	0
368	lg5	0	1e+06	3.67e+08	3.67e+08	0.341	18	0
369	lg5	1e+06	2e+06	3.68e+08	3.68e+08	0.32	19	5
370	lg5	2e+06	3e+06	3.69e+08	3.69e+08	0.393	20	1
371	lg5	3e+06	4e+06	3.7e+08	3.7e+08	0.4	15	0
372	lg5	4e+06	5e+06	3.71e+08	3.71e+08	0.289	11	2
373	lg5	5e+06	6e+06	3.72e+08	3.72e+08	0.648	29	1
374	lg5	6e+06	7e+06	3.73e+08	3.73e+08	0.497	19	3
375	lg5	7e+06	8e+06	3.74e+08	3.74e+08	0.671	28	4
376	lg5	8e+06	9e+06	3.75e+08	3.75e+08	0.722	24	4
377	lg5	9e+06	1e+07	3.76e+08	3.76e+08	0.795	40	4
378	lg5	1e+07	1.1e+07	3.77e+08	3.77e+08	0.535	483	5
379	lg5	1.1e+07	1.2e+07	3.78e+08	3.78e+08	0.734	1174	25
380	lg5	1.2e+07	1.3e+07	3.79e+08	3.79e+08	0.866	1748	4
381	lg5	1.3e+07	1.4e+07	3.8e+08	3.8e+08	0.561	1876	21
382	lg5	1.4e+07	1.5e+07	3.81e+08	3.81e+08	0.87	27	1
383	lg5	1.5e+07	1.6e+07	3.82e+08	3.82e+08	0.681	23	2
384	lg5	1.6e+07	1.7e+07	3.83e+08	3.83e+08	0.479	14	1
385	lg5	1.7e+07	1.8e+07	3.84e+08	3.84e+08	0.361	18	2
386	lg5	1.8e+07	1.9e+07	3.85e+08	3.85e+08	0.82	51	3
387	lg5	1.9e+07	2e+07	3.86e+08	3.86e+08	0.716	40	2
388	lg5	2e+07	2.1e+07	3.87e+08	3.87e+08	0.62	43	0
389	lg5	2.1e+07	2.2e+07	3.88e+08	3.88e+08	0.747	42	3
390	lg5	2.2e+07	2.3e+07	3.89e+08	3.89e+08	0.671	42	2
391	lg5	2.3e+07	2.4e+07	3.9e+08	3.9e+08	0.523	15	2
392	lg5	2.4e+07	2.5e+07	3.91e+08	3.91e+08	0.109	2	0
393	lg5	2.5e+07	2.6e+07	3.92e+08	3.92e+08	0.185	6	2
394	lg5	2.6e+07	2.7e+07	3.93e+08	3.93e+08	0	0	0
395	lg5	2.7e+07	2.8e+07	3.94e+08	3.94e+08	0.346	49	1
396	lg5	2.8e+07	2.9e+07	3.95e+08	3.95e+08	0.708	158	3
397	lg5	2.9e+07	3e+07	3.96e+08	3.96e+08	0.42	32	2
398	lg5	3e+07	3.1e+07	3.97e+08	3.97e+08	0.38	20	0
399	lg5	3.1e+07	3.2e+07	3.98e+08	3.98e+08	0.34	9	0
400	lg5	3.2e+07	3.3e+07	3.99e+08	3.99e+08	0.487	1	0
401	lg5	3.3e+07	3.4e+07	4e+08	4e+08	0.487	11	0
402	lg5	3.4e+07	3.5e+07	4.01e+08	4.01e+08	0.536	10	1
403	lg5	3.5e+07	3.6e+07	4.02e+08	4.02e+08	0.517	27	2
404	lg5	3.6e+07	3.7e+07	4.03e+08	4.03e+08	0.238	7	0
405	lg5	3.7e+07	3.8e+07	4.04e+08	4.04e+08	0.211	3	0
406	lg5	3.8e+07	3.9e+07	4.05e+08	4.05e+08	0.248	6	0
407	lg5	3.9e+07	4e+07	4.06e+08	4.06e+08	0.498	27	1
408	lg5	4e+07	4.1e+07	4.07e+08	4.07e+08	0	0	0
409	lg5	4.1e+07	4.2e+07	4.08e+08	4.08e+08	0.042	3	0
410	lg5	4.2e+07	4.3e+07	4.09e+08	4.09e+08	0	0	0
411	lg5	4.3e+07	4.4e+07	4.1e+08	4.1e+08	0	0	0
412	lg5	4.4e+07	4.5e+07	4.11e+08	4.11e+08	0.152	6	1
413	lg5	4.5e+07	4.6e+07	4.12e+08	4.12e+08	0.279	18	0
414	lg5	4.6e+07	4.7e+07	4.13e+08	4.13e+08	0.014	0	0
415	lg5	4.7e+07	4.8e+07	4.14e+08	4.14e+08	0.108	3	1
416	lg5	4.8e+07	4.9e+07	4.15e+08	4.15e+08	0.071	1	0
417	lg5	4.9e+07	5e+07	4.16e+08	4.16e+08	0.189	12	0
418	lg5	5e+07	5.1e+07	4.17e+08	4.17e+08	0.274	10	0
419	lg5	5.1e+07	5.2e+07	4.18e+08	4.18e+08	0.031	1	0
420	lg5	5.2e+07	5.3e+07	4.19e+08	4.19e+08	0.138	11	0
421	lg5	5.3e+07	5.4e+07	4.2e+08	4.2e+08	0.268	19	1
422	lg5	5.4e+07	5.5e+07	4.21e+08	4.21e+08	0	13	1
423	lg5	5.5e+07	5.6e+07	4.22e+08	4.22e+08	0	0	0
424	lg5	5.6e+07	5.7e+07	4.23e+08	4.23e+08	0	0	0
425	lg5	5.7e+07	5.8e+07	4.24e+08	4.24e+08	0	0	0
426	lg6	0	1e+06	4.25e+08	4.25e+08	0.1	0	0
427	lg6	1e+06	2e+06	4.26e+08	4.26e+08	0.089	4	0
428	lg6	2e+06	3e+06	4.27e+08	4.27e+08	0.139	12	2
429	lg6	3e+06	4e+06	4.28e+08	4.28e+08	0.194	8	1
430	lg6	4e+06	5e+06	4.29e+08	4.29e+08	0.752	48	0
431	lg6	5e+06	6e+06	4.3e+08	4.3e+08	0.969	55	2
432	lg6	6e+06	7e+06	4.31e+08	4.31e+08	0.655	23	0
433	lg6	7e+06	8e+06	4.32e+08	4.32e+08	0.843	22	1
434	lg6	8e+06	9e+06	4.33e+08	4.33e+08	0.094	1	0
435	lg6	9e+06	1e+07	4.34e+08	4.34e+08	0.555	19	2
436	lg6	1e+07	1.1e+07	4.35e+08	4.35e+08	0.16	6	2
437	lg6	1.1e+07	1.2e+07	4.36e+08	4.36e+08	0.046	5	0
438	lg6	1.2e+07	1.3e+07	4.37e+08	4.37e+08	0.37	17	0
439	lg6	1.3e+07	1.4e+07	4.38e+08	4.38e+08	0.554	33	1
440	lg6	1.4e+07	1.5e+07	4.39e+08	4.39e+08	0.539	29	2
441	lg6	1.5e+07	1.6e+07	4.4e+08	4.4e+08	0.743	17	1
442	lg6	1.6e+07	1.7e+07	4.41e+08	4.41e+08	0.14	9	2
443	lg6	1.7e+07	1.8e+07	4.42e+08	4.42e+08	0.014	0	0
444	lg6	1.8e+07	1.9e+07	4.43e+08	4.43e+08	0.062	3	0
445	lg6	1.9e+07	2e+07	4.44e+08	4.44e+08	0.848	44	2
446	lg6	2e+07	2.1e+07	4.45e+08	4.45e+08	0.696	30	4
447	lg6	2.1e+07	2.2e+07	4.46e+08	4.46e+08	0.516	19	1
448	lg6	2.2e+07	2.3e+07	4.47e+08	4.47e+08	0.729	40	0
449	lg6	2.3e+07	2.4e+07	4.48e+08	4.48e+08	0.856	41	3
450	lg6	2.4e+07	2.5e+07	4.49e+08	4.49e+08	0.857	35	3
451	lg6	2.5e+07	2.6e+07	4.5e+08	4.5e+08	0.745	35	2
452	lg6	2.6e+07	2.7e+07	4.51e+08	4.51e+08	0.812	32	3
453	lg6	2.7e+07	2.8e+07	4.52e+08	4.52e+08	0.921	31	4
454	lg6	2.8e+07	2.9e+07	4.53e+08	4.53e+08	0.83	28	0
455	lg6	2.9e+07	3e+07	4.54e+08	4.54e+08	0.578	28	2
456	lg6	3e+07	3.1e+07	4.55e+08	4.55e+08	0.993	41	4
457	lg6	3.1e+07	3.2e+07	4.56e+08	4.56e+08	0.807	30	3
458	lg6	3.2e+07	3.3e+07	4.57e+08	4.57e+08	0.576	29	3
459	lg6	3.3e+07	3.4e+07	4.58e+08	4.58e+08	0.754	27	2
460	lg6	3.4e+07	3.5e+07	4.59e+08	4.59e+08	0.816	32	2
461	lg6	3.5e+07	3.6e+07	4.6e+08	4.6e+08	0.927	26	1
462	lg6	3.6e+07	3.7e+07	4.61e+08	4.61e+08	0.547	15	1
463	lg6	3.7e+07	3.8e+07	4.62e+08	4.62e+08	0.972	48	0
464	lg6	3.8e+07	3.9e+07	4.63e+08	4.63e+08	0.941	29	2
465	lg6	3.9e+07	4e+07	4.64e+08	4.64e+08	0.391	8	0
466	lg6	4e+07	4.1e+07	4.65e+08	4.65e+08	0.993	39	0
467	lg6	4.1e+07	4.2e+07	4.66e+08	4.66e+08	0.428	23	0
468	lg6	4.2e+07	4.3e+07	4.67e+08	4.67e+08	0.358	18	1
469	lg6	4.3e+07	4.4e+07	4.68e+08	4.68e+08	0.307	14	0
470	lg6	4.4e+07	4.5e+07	4.69e+08	4.69e+08	0.384	10	1
471	lg6	4.5e+07	4.6e+07	4.7e+08	4.7e+08	0	0	0
472	lg6	4.6e+07	4.7e+07	4.71e+08	4.71e+08	0.185	44	0
473	lg6	4.7e+07	4.8e+07	4.72e+08	4.72e+08	0.382	12	0
474	lg6	4.8e+07	4.9e+07	4.73e+08	4.73e+08	0.057	26	0
475	lg6	4.9e+07	5e+07	4.74e+08	4.74e+08	0.36	35	0
476	lg6	5e+07	5.1e+07	4.75e+08	4.75e+08	0.072	113	0
477	lg6	5.1e+07	5.2e+07	4.76e+08	4.76e+08	0	0	0
478	lg6	5.2e+07	5.3e+07	4.77e+08	4.77e+08	0.842	148	5
479	lg6	5.3e+07	5.4e+07	4.78e+08	4.78e+08	0.731	1068	14
480	lg6	5.4e+07	5.5e+07	4.79e+08	4.79e+08	0.258	10	1
481	lg6	5.5e+07	5.6e+07	4.8e+08	4.8e+08	0.394	14	3
482	lg6	5.6e+07	5.7e+07	4.81e+08	4.81e+08	0.188	12	3
483	lg6	5.7e+07	5.8e+07	4.82e+08	4.82e+08	0.127	3	0
484	lg6	5.8e+07	5.9e+07	4.83e+08	4.83e+08	0.019	0	0
485	lg6	5.9e+07	6e+07	4.84e+08	4.84e+08	0.239	23	0
486	lg6	6e+07	6.1e+07	4.85e+08	4.85e+08	0.158	3	0
487	lg6	6.1e+07	6.2e+07	4.86e+08	4.86e+08	0	131	1
488	lg6	6.2e+07	6.3e+07	4.87e+08	4.87e+08	0	0	0
489	lg6	6.3e+07	6.4e+07	4.88e+08	4.88e+08	0	0	0
490	lg6	6.4e+07	6.5e+07	4.89e+08	4.89e+08	0	0	0
491	lg6	6.5e+07	6.6e+07	4.9e+08	4.9e+08	0	0	0
492	lg7	0	1e+06	4.91e+08	4.91e+08	0.175	6	0
493	lg7	1e+06	2e+06	4.92e+08	4.92e+08	0.299	10	2
494	lg7	2e+06	3e+06	4.93e+08	4.93e+08	0.095	4	0
495	lg7	3e+06	4e+06	4.94e+08	4.94e+08	0.077	0	0
496	lg7	4e+06	5e+06	4.95e+08	4.95e+08	0.175	8	0
497	lg7	5e+06	6e+06	4.96e+08	4.96e+08	0.268	9	0
498	lg7	6e+06	7e+06	4.97e+08	4.97e+08	0.056	3	0
499	lg7	7e+06	8e+06	4.98e+08	4.98e+08	0	0	0
500	lg7	8e+06	9e+06	4.99e+08	4.99e+08	0.395	16	3
501	lg7	9e+06	1e+07	5e+08	5e+08	0.26	9	1
502	lg7	1e+07	1.1e+07	5.01e+08	5.01e+08	0.294	20	2
503	lg7	1.1e+07	1.2e+07	5.02e+08	5.02e+08	0.172	4	0
504	lg7	1.2e+07	1.3e+07	5.03e+08	5.03e+08	0.279	8	0
505	lg7	1.3e+07	1.4e+07	5.04e+08	5.04e+08	0.658	23	2
506	lg7	1.4e+07	1.5e+07	5.05e+08	5.05e+08	0.675	30	4
507	lg7	1.5e+07	1.6e+07	5.06e+08	5.06e+08	0.604	125	1
508	lg7	1.6e+07	1.7e+07	5.07e+08	5.07e+08	0.621	357	3
509	lg7	1.7e+07	1.8e+07	5.08e+08	5.08e+08	0.668	44	1
510	lg7	1.8e+07	1.9e+07	5.09e+08	5.09e+08	0.555	25	3
511	lg7	1.9e+07	2e+07	5.1e+08	5.1e+08	0.62	747	7
512	lg7	2e+07	2.1e+07	5.11e+08	5.11e+08	0.797	141	1
513	lg7	2.1e+07	2.2e+07	5.12e+08	5.12e+08	0.711	24	0
514	lg7	2.2e+07	2.3e+07	5.13e+08	5.13e+08	0.914	78	2
515	lg7	2.3e+07	2.4e+07	5.14e+08	5.14e+08	0.947	102	3
516	lg7	2.4e+07	2.5e+07	5.15e+08	5.15e+08	0.779	48	2
517	lg7	2.5e+07	2.6e+07	5.16e+08	5.16e+08	0.855	23	1
518	lg7	2.6e+07	2.7e+07	5.17e+08	5.17e+08	0.854	25	4
519	lg7	2.7e+07	2.8e+07	5.18e+08	5.18e+08	0.93	21	2
520	lg7	2.8e+07	2.9e+07	5.19e+08	5.19e+08	0.803	20	2
521	lg7	2.9e+07	3e+07	5.2e+08	5.2e+08	0.895	29	0
522	lg7	3e+07	3.1e+07	5.21e+08	5.21e+08	0.88	391	5
523	lg7	3.1e+07	3.2e+07	5.22e+08	5.22e+08	0.844	653	7
524	lg7	3.2e+07	3.3e+07	5.23e+08	5.23e+08	0.887	53	1
525	lg7	3.3e+07	3.4e+07	5.24e+08	5.24e+08	0.702	1032	10
526	lg7	3.4e+07	3.5e+07	5.25e+08	5.25e+08	0.683	38	3
527	lg7	3.5e+07	3.6e+07	5.26e+08	5.26e+08	0.871	1383	11
528	lg7	3.6e+07	3.7e+07	5.27e+08	5.27e+08	0.804	372	5
529	lg7	3.7e+07	3.8e+07	5.28e+08	5.28e+08	0.917	41	4
530	lg7	3.8e+07	3.9e+07	5.29e+08	5.29e+08	0.988	66	2
531	lg7	3.9e+07	4e+07	5.3e+08	5.3e+08	0.592	37	2
532	lg7	4e+07	4.1e+07	5.31e+08	5.31e+08	0.824	68	1
533	lg7	4.1e+07	4.2e+07	5.32e+08	5.32e+08	0.715	209	1
534	lg7	4.2e+07	4.3e+07	5.33e+08	5.33e+08	0.674	1549	11
535	lg7	4.3e+07	4.4e+07	5.34e+08	5.34e+08	0.219	368	3
536	lg7	4.4e+07	4.5e+07	5.35e+08	5.35e+08	0.015	0	1
537	lg7	4.5e+07	4.6e+07	5.36e+08	5.36e+08	0.093	5	0
538	lg7	4.6e+07	4.7e+07	5.37e+08	5.37e+08	0.217	6	0
539	lg7	4.7e+07	4.8e+07	5.38e+08	5.38e+08	0.165	12	1
540	lg7	4.8e+07	4.9e+07	5.39e+08	5.39e+08	0.132	9	1
541	lg7	4.9e+07	5e+07	5.4e+08	5.4e+08	0.059	4	1
542	lg7	5e+07	5.1e+07	5.41e+08	5.41e+08	0.577	38	3
543	lg7	5.1e+07	5.2e+07	5.42e+08	5.42e+08	0	13	6
544	lg7	5.2e+07	5.3e+07	5.43e+08	5.43e+08	0	0	0
545	lg7	5.3e+07	5.4e+07	5.44e+08	5.44e+08	0	0	0
546	lg7	5.4e+07	5.5e+07	5.45e+08	5.45e+08	0	0	0
547	lg7	5.5e+07	5.6e+07	5.46e+08	5.46e+08	0	0	0
548	lg8	0	1e+06	5.47e+08	5.47e+08	0.231	163	1
549	lg8	1e+06	2e+06	5.48e+08	5.48e+08	0.151	141	4
550	lg8	2e+06	3e+06	5.49e+08	5.49e+08	0.079	23	3
551	lg8	3e+06	4e+06	5.5e+08	5.5e+08	0.13	9	1
552	lg8	4e+06	5e+06	5.51e+08	5.51e+08	0.091	97	2
553	lg8	5e+06	6e+06	5.52e+08	5.52e+08	0.18	1232	22
554	lg8	6e+06	7e+06	5.53e+08	5.53e+08	0.115	278	3
555	lg8	7e+06	8e+06	5.54e+08	5.54e+08	0.028	323	1
556	lg8	8e+06	9e+06	5.55e+08	5.55e+08	0.027	6	1
557	lg8	9e+06	1e+07	5.56e+08	5.56e+08	0	0	0
558	lg8	1e+07	1.1e+07	5.57e+08	5.57e+08	0.171	6	0
559	lg8	1.1e+07	1.2e+07	5.58e+08	5.58e+08	0.065	3	0
560	lg8	1.2e+07	1.3e+07	5.59e+08	5.59e+08	0.169	13	0
561	lg8	1.3e+07	1.4e+07	5.6e+08	5.6e+08	0.16	43	4
562	lg8	1.4e+07	1.5e+07	5.61e+08	5.61e+08	0.465	118	1
563	lg8	1.5e+07	1.6e+07	5.62e+08	5.62e+08	0.524	141	0
564	lg8	1.6e+07	1.7e+07	5.63e+08	5.63e+08	0.52	157	1
565	lg8	1.7e+07	1.8e+07	5.64e+08	5.64e+08	0.474	646	15
566	lg8	1.8e+07	1.9e+07	5.65e+08	5.65e+08	0.522	500	6
567	lg8	1.9e+07	2e+07	5.66e+08	5.66e+08	0.558	993	8
568	lg8	2e+07	2.1e+07	5.67e+08	5.67e+08	0.683	29	3
569	lg8	2.1e+07	2.2e+07	5.68e+08	5.68e+08	0.632	27	1
570	lg8	2.2e+07	2.3e+07	5.69e+08	5.69e+08	0.778	33	1
571	lg8	2.3e+07	2.4e+07	5.7e+08	5.7e+08	0.627	18	0
572	lg8	2.4e+07	2.5e+07	5.71e+08	5.71e+08	0.415	12	1
573	lg8	2.5e+07	2.6e+07	5.72e+08	5.72e+08	0.262	7	1
574	lg8	2.6e+07	2.7e+07	5.73e+08	5.73e+08	0.406	18	1
575	lg8	2.7e+07	2.8e+07	5.74e+08	5.74e+08	0.32	12	2
576	lg8	2.8e+07	2.9e+07	5.75e+08	5.75e+08	0.383	9	1
577	lg8	2.9e+07	3e+07	5.76e+08	5.76e+08	0.137	6	1
578	lg8	3e+07	3.1e+07	5.77e+08	5.77e+08	0.142	4	0
579	lg8	3.1e+07	3.2e+07	5.78e+08	5.78e+08	0.408	35	2
580	lg8	3.2e+07	3.3e+07	5.79e+08	5.79e+08	0.749	329	3
581	lg8	3.3e+07	3.4e+07	5.8e+08	5.8e+08	0.542	40	2
582	lg8	3.4e+07	3.5e+07	5.81e+08	5.81e+08	0.714	954	10
583	lg8	3.5e+07	3.6e+07	5.82e+08	5.82e+08	0.427	20	0
584	lg8	3.6e+07	3.7e+07	5.83e+08	5.83e+08	0.464	20	1
585	lg8	3.7e+07	3.8e+07	5.84e+08	5.84e+08	0.291	25	0
586	lg8	3.8e+07	3.9e+07	5.85e+08	5.85e+08	0.527	31	2
587	lg8	3.9e+07	4e+07	5.86e+08	5.86e+08	0.39	33	1
588	lg8	4e+07	4.1e+07	5.87e+08	5.87e+08	0.216	7	0
589	lg8	4.1e+07	4.2e+07	5.88e+08	5.88e+08	0.559	25	0
590	lg8	4.2e+07	4.3e+07	5.89e+08	5.89e+08	0.372	755	7
591	lg8	4.3e+07	4.4e+07	5.9e+08	5.9e+08	0.191	91	0
592	lg8	4.4e+07	4.5e+07	5.91e+08	5.91e+08	0.301	13	1
593	lg8	4.5e+07	4.6e+07	5.92e+08	5.92e+08	0.705	46	2
594	lg8	4.6e+07	4.7e+07	5.93e+08	5.93e+08	0.458	22	0
595	lg8	4.7e+07	4.8e+07	5.94e+08	5.94e+08	0.492	23	1
596	lg8	4.8e+07	4.9e+07	5.95e+08	5.95e+08	0.708	25	3
597	lg8	4.9e+07	5e+07	5.96e+08	5.96e+08	0.491	16	0
598	lg8	5e+07	5.1e+07	5.97e+08	5.97e+08	0.227	88	0
599	lg8	5.1e+07	5.2e+07	5.98e+08	5.98e+08	0.585	1507	18
600	lg8	5.2e+07	5.3e+07	5.99e+08	5.99e+08	0.67	134	2
601	lg8	5.3e+07	5.4e+07	6e+08	6e+08	0.592	149	4
602	lg8	5.4e+07	5.5e+07	6.01e+08	6.01e+08	0.409	43	1
603	lg8	5.5e+07	5.6e+07	6.02e+08	6.02e+08	0.253	19	0
604	lg8	5.6e+07	5.7e+07	6.03e+08	6.03e+08	0.414	15	1
605	lg8	5.7e+07	5.8e+07	6.04e+08	6.04e+08	0.446	24	3
606	lg8	5.8e+07	5.9e+07	6.05e+08	6.05e+08	0.515	18	0
607	lg8	5.9e+07	6e+07	6.06e+08	6.06e+08	0	0	0
608	lg8	6e+07	6.1e+07	6.07e+08	6.07e+08	0.123	5	0
609	lg8	6.1e+07	6.2e+07	6.08e+08	6.08e+08	0.554	24	2
610	lg8	6.2e+07	6.3e+07	6.09e+08	6.09e+08	0.109	8	2
611	lg8	6.3e+07	6.4e+07	6.1e+08	6.1e+08	0.102	59	1
612	lg8	6.4e+07	6.5e+07	6.11e+08	6.11e+08	0.151	35	0
613	lg8	6.5e+07	6.6e+07	6.12e+08	6.12e+08	0	0	0
614	lg8	6.6e+07	6.7e+07	6.13e+08	6.13e+08	0.361	18	2
615	lg8	6.7e+07	6.8e+07	6.14e+08	6.14e+08	0.155	6	2
616	lg8	6.8e+07	6.9e+07	6.15e+08	6.15e+08	0.266	113	2
617	lg8	6.9e+07	7e+07	6.16e+08	6.16e+08	0.59	361	1
618	lg8	7e+07	7.1e+07	6.17e+08	6.17e+08	0.432	36	1
619	lg8	7.1e+07	7.2e+07	6.18e+08	6.18e+08	0	15	5
620	lg8	7.2e+07	7.3e+07	6.19e+08	6.19e+08	0	0	0
621	lg8	7.3e+07	7.4e+07	6.2e+08	6.2e+08	0	0	0
622	lg8	7.4e+07	7.5e+07	6.21e+08	6.21e+08	0	0	0
623	lg8	7.5e+07	7.6e+07	6.22e+08	6.22e+08	0	0	0
624	lg9	0	1e+06	6.23e+08	6.23e+08	0.087	5	0
625	lg9	1e+06	2e+06	6.24e+08	6.24e+08	0.043	1	0
626	lg9	2e+06	3e+06	6.25e+08	6.25e+08	0.124	4	0
627	lg9	3e+06	4e+06	6.26e+08	6.26e+08	0.112	9	1
628	lg9	4e+06	5e+06	6.27e+08	6.27e+08	0.034	2	0
629	lg9	5e+06	6e+06	6.28e+08	6.28e+08	0.116	10	0
630	lg9	6e+06	7e+06	6.29e+08	6.29e+08	0.108	9	3
631	lg9	7e+06	8e+06	6.3e+08	6.3e+08	0.272	18	0
632	lg9	8e+06	9e+06	6.31e+08	6.31e+08	0.216	8	0
633	lg9	9e+06	1e+07	6.32e+08	6.32e+08	0.76	23	0
634	lg9	1e+07	1.1e+07	6.33e+08	6.33e+08	0.298	15	1
635	lg9	1.1e+07	1.2e+07	6.34e+08	6.34e+08	0.416	29	2
636	lg9	1.2e+07	1.3e+07	6.35e+08	6.35e+08	0.588	32	0
637	lg9	1.3e+07	1.4e+07	6.36e+08	6.36e+08	0.211	9	0
638	lg9	1.4e+07	1.5e+07	6.37e+08	6.37e+08	0.181	7	0
639	lg9	1.5e+07	1.6e+07	6.38e+08	6.38e+08	0.377	15	2
640	lg9	1.6e+07	1.7e+07	6.39e+08	6.39e+08	0.602	25	4
641	lg9	1.7e+07	1.8e+07	6.4e+08	6.4e+08	0.605	23	0
642	lg9	1.8e+07	1.9e+07	6.41e+08	6.41e+08	0.583	27	2
643	lg9	1.9e+07	2e+07	6.42e+08	6.42e+08	0.647	34	0
644	lg9	2e+07	2.1e+07	6.43e+08	6.43e+08	0.437	31	1
645	lg9	2.1e+07	2.2e+07	6.44e+08	6.44e+08	0.375	15	1
646	lg9	2.2e+07	2.3e+07	6.45e+08	6.45e+08	0.275	7	1
647	lg9	2.3e+07	2.4e+07	6.46e+08	6.46e+08	0.369	26	0
648	lg9	2.4e+07	2.5e+07	6.47e+08	6.47e+08	0.207	13	0
649	lg9	2.5e+07	2.6e+07	6.48e+08	6.48e+08	0.308	19	1
650	lg9	2.6e+07	2.7e+07	6.49e+08	6.49e+08	0.192	6	1
651	lg9	2.7e+07	2.8e+07	6.5e+08	6.5e+08	0.194	275	2
652	lg9	2.8e+07	2.9e+07	6.51e+08	6.51e+08	0.152	237	0
653	lg9	2.9e+07	3e+07	6.52e+08	6.52e+08	0.026	11	2
654	lg9	3e+07	3.1e+07	6.53e+08	6.53e+08	0	12	2
655	lg9	3.1e+07	3.2e+07	6.54e+08	6.54e+08	0	0	0
656	lg9	3.2e+07	3.3e+07	6.55e+08	6.55e+08	0	0	0
657	lg9	3.3e+07	3.4e+07	6.56e+08	6.56e+08	0	0	0
658	lg10	0	1e+06	6.57e+08	6.57e+08	0.21	16	1
659	lg10	1e+06	2e+06	6.58e+08	6.58e+08	0	0	0
660	lg10	2e+06	3e+06	6.59e+08	6.59e+08	0.275	16	0
661	lg10	3e+06	4e+06	6.6e+08	6.6e+08	0.31	16	2
662	lg10	4e+06	5e+06	6.61e+08	6.61e+08	0.502	19	1
663	lg10	5e+06	6e+06	6.62e+08	6.62e+08	0.442	300	2
664	lg10	6e+06	7e+06	6.63e+08	6.63e+08	0.374	216	5
665	lg10	7e+06	8e+06	6.64e+08	6.64e+08	0.253	9	0
666	lg10	8e+06	9e+06	6.65e+08	6.65e+08	0.523	20	1
667	lg10	9e+06	1e+07	6.66e+08	6.66e+08	0.07	506	2
668	lg10	1e+07	1.1e+07	6.67e+08	6.67e+08	0.048	3	0
669	lg10	1.1e+07	1.2e+07	6.68e+08	6.68e+08	0.024	0	0
670	lg10	1.2e+07	1.3e+07	6.69e+08	6.69e+08	0.286	732	7
671	lg10	1.3e+07	1.4e+07	6.7e+08	6.7e+08	0.135	586	4
672	lg10	1.4e+07	1.5e+07	6.71e+08	6.71e+08	0.228	52	0
673	lg10	1.5e+07	1.6e+07	6.72e+08	6.72e+08	0.077	1	1
674	lg10	1.6e+07	1.7e+07	6.73e+08	6.73e+08	0.878	35	5
675	lg10	1.7e+07	1.8e+07	6.74e+08	6.74e+08	0.882	33	2
676	lg10	1.8e+07	1.9e+07	6.75e+08	6.75e+08	0.778	22	1
677	lg10	1.9e+07	2e+07	6.76e+08	6.76e+08	0.874	41	4
678	lg10	2e+07	2.1e+07	6.77e+08	6.77e+08	0.405	18	1
679	lg10	2.1e+07	2.2e+07	6.78e+08	6.78e+08	0.976	49	2
680	lg10	2.2e+07	2.3e+07	6.79e+08	6.79e+08	0.812	42	1
681	lg10	2.3e+07	2.4e+07	6.8e+08	6.8e+08	0.952	497	6
682	lg10	2.4e+07	2.5e+07	6.81e+08	6.81e+08	0.997	99	3
683	lg10	2.5e+07	2.6e+07	6.82e+08	6.82e+08	0.83	81	3
684	lg10	2.6e+07	2.7e+07	6.83e+08	6.83e+08	0.73	86	1
685	lg10	2.7e+07	2.8e+07	6.84e+08	6.84e+08	0.937	107	4
686	lg10	2.8e+07	2.9e+07	6.85e+08	6.85e+08	0.645	69	0
687	lg10	2.9e+07	3e+07	6.86e+08	6.86e+08	0.981	81	4
688	lg10	3e+07	3.1e+07	6.87e+08	6.87e+08	0.656	46	0
689	lg10	3.1e+07	3.2e+07	6.88e+08	6.88e+08	0.594	37	1
690	lg10	3.2e+07	3.3e+07	6.89e+08	6.89e+08	0.844	43	4
691	lg10	3.3e+07	3.4e+07	6.9e+08	6.9e+08	0.685	36	4
692	lg10	3.4e+07	3.5e+07	6.91e+08	6.91e+08	0.774	35	2
693	lg10	3.5e+07	3.6e+07	6.92e+08	6.92e+08	0.608	51	3
694	lg10	3.6e+07	3.7e+07	6.93e+08	6.93e+08	0.435	35	0
695	lg10	3.7e+07	3.8e+07	6.94e+08	6.94e+08	0.903	83	1
696	lg10	3.8e+07	3.9e+07	6.95e+08	6.95e+08	0.794	32	0
697	lg10	3.9e+07	4e+07	6.96e+08	6.96e+08	0.53	26	1
698	lg10	4e+07	4.1e+07	6.97e+08	6.97e+08	0.408	27	1
699	lg10	4.1e+07	4.2e+07	6.98e+08	6.98e+08	0.68	41	1
700	lg10	4.2e+07	4.3e+07	6.99e+08	6.99e+08	0.443	24	0
701	lg10	4.3e+07	4.4e+07	7e+08	7e+08	0.076	0	0
702	lg10	4.4e+07	4.5e+07	7.01e+08	7.01e+08	0.307	43	4
703	lg10	4.5e+07	4.6e+07	7.02e+08	7.02e+08	0.77	44	3
704	lg10	4.6e+07	4.7e+07	7.03e+08	7.03e+08	0.426	25	2
705	lg10	4.7e+07	4.8e+07	7.04e+08	7.04e+08	0.172	13	6
706	lg10	4.8e+07	4.9e+07	7.05e+08	7.05e+08	0.395	318	5
707	lg10	4.9e+07	5e+07	7.06e+08	7.06e+08	0.41	17	0
708	lg10	5e+07	5.1e+07	7.07e+08	7.07e+08	0.271	7	1
709	lg10	5.1e+07	5.2e+07	7.08e+08	7.08e+08	0.383	17	2
710	lg10	5.2e+07	5.3e+07	7.09e+08	7.09e+08	0.28	18	2
711	lg10	5.3e+07	5.4e+07	7.1e+08	7.1e+08	0	1	0
712	lg10	5.4e+07	5.5e+07	7.11e+08	7.11e+08	0	0	0
713	lg10	5.5e+07	5.6e+07	7.12e+08	7.12e+08	0	0	0
714	lg10	5.6e+07	5.7e+07	7.13e+08	7.13e+08	0	0	0
715	lg11	0	1e+06	7.14e+08	7.14e+08	0.319	23	0
716	lg11	1e+06	2e+06	7.15e+08	7.15e+08	0.132	7	1
717	lg11	2e+06	3e+06	7.16e+08	7.16e+08	0.265	1088	10
718	lg11	3e+06	4e+06	7.17e+08	7.17e+08	0.326	226	5
719	lg11	4e+06	5e+06	7.18e+08	7.18e+08	0.86	894	12
720	lg11	5e+06	6e+06	7.19e+08	7.19e+08	0.355	187	2
721	lg11	6e+06	7e+06	7.2e+08	7.2e+08	0	0	0
722	lg11	7e+06	8e+06	7.21e+08	7.21e+08	0.156	3	1
723	lg11	8e+06	9e+06	7.22e+08	7.22e+08	0.316	15	1
724	lg11	9e+06	1e+07	7.23e+08	7.23e+08	0.138	5	0
725	lg11	1e+07	1.1e+07	7.24e+08	7.24e+08	0	0	0
726	lg11	1.1e+07	1.2e+07	7.25e+08	7.25e+08	0.053	5	0
727	lg11	1.2e+07	1.3e+07	7.26e+08	7.26e+08	0.099	7	0
728	lg11	1.3e+07	1.4e+07	7.27e+08	7.27e+08	0.195	9	2
729	lg11	1.4e+07	1.5e+07	7.28e+08	7.28e+08	0.086	45	0
730	lg11	1.5e+07	1.6e+07	7.29e+08	7.29e+08	0.17	1481	12
731	lg11	1.6e+07	1.7e+07	7.3e+08	7.3e+08	0.469	27	2
732	lg11	1.7e+07	1.8e+07	7.31e+08	7.31e+08	0.711	188	5
733	lg11	1.8e+07	1.9e+07	7.32e+08	7.32e+08	0.984	354	11
734	lg11	1.9e+07	2e+07	7.33e+08	7.33e+08	0.858	38	6
735	lg11	2e+07	2.1e+07	7.34e+08	7.34e+08	0.793	40	2
736	lg11	2.1e+07	2.2e+07	7.35e+08	7.35e+08	0.984	42	3
737	lg11	2.2e+07	2.3e+07	7.36e+08	7.36e+08	0.866	39	3
738	lg11	2.3e+07	2.4e+07	7.37e+08	7.37e+08	0.915	34	4
739	lg11	2.4e+07	2.5e+07	7.38e+08	7.38e+08	0.827	35	3
740	lg11	2.5e+07	2.6e+07	7.39e+08	7.39e+08	0.959	32	2
741	lg11	2.6e+07	2.7e+07	7.4e+08	7.4e+08	0.288	14	0
742	lg11	2.7e+07	2.8e+07	7.41e+08	7.41e+08	0.892	36	4
743	lg11	2.8e+07	2.9e+07	7.42e+08	7.42e+08	0.898	43	2
744	lg11	2.9e+07	3e+07	7.43e+08	7.43e+08	0.484	23	2
745	lg11	3e+07	3.1e+07	7.44e+08	7.44e+08	0.552	16	0
746	lg11	3.1e+07	3.2e+07	7.45e+08	7.45e+08	0.878	29	2
747	lg11	3.2e+07	3.3e+07	7.46e+08	7.46e+08	0.547	22	1
748	lg11	3.3e+07	3.4e+07	7.47e+08	7.47e+08	0.822	44	3
749	lg11	3.4e+07	3.5e+07	7.48e+08	7.48e+08	0.683	26	0
750	lg11	3.5e+07	3.6e+07	7.49e+08	7.49e+08	0.562	17	0
751	lg11	3.6e+07	3.7e+07	7.5e+08	7.5e+08	0.98	38	0
752	lg11	3.7e+07	3.8e+07	7.51e+08	7.51e+08	0.713	34	3
753	lg11	3.8e+07	3.9e+07	7.52e+08	7.52e+08	0.613	24	3
754	lg11	3.9e+07	4e+07	7.53e+08	7.53e+08	0.187	11	0
755	lg11	4e+07	4.1e+07	7.54e+08	7.54e+08	0.887	253	2
756	lg11	4.1e+07	4.2e+07	7.55e+08	7.55e+08	0.463	997	17
757	lg11	4.2e+07	4.3e+07	7.56e+08	7.56e+08	0.612	35	1
758	lg11	4.3e+07	4.4e+07	7.57e+08	7.57e+08	0.543	26	1
759	lg11	4.4e+07	4.5e+07	7.58e+08	7.58e+08	0.668	26	2
760	lg11	4.5e+07	4.6e+07	7.59e+08	7.59e+08	0.321	18	0
761	lg11	4.6e+07	4.7e+07	7.6e+08	7.6e+08	0.606	30	4
762	lg11	4.7e+07	4.8e+07	7.61e+08	7.61e+08	0.351	16	1
763	lg11	4.8e+07	4.9e+07	7.62e+08	7.62e+08	0.584	28	2
764	lg11	4.9e+07	5e+07	7.63e+08	7.63e+08	0.083	3	1
765	lg11	5e+07	5.1e+07	7.64e+08	7.64e+08	0	0	0
766	lg11	5.1e+07	5.2e+07	7.65e+08	7.65e+08	0.089	2	0
767	lg11	5.2e+07	5.3e+07	7.66e+08	7.66e+08	0	9	1
768	lg11	5.3e+07	5.4e+07	7.67e+08	7.67e+08	0	0	0
769	lg11	5.4e+07	5.5e+07	7.68e+08	7.68e+08	0	0	0
770	lg11	5.5e+07	5.6e+07	7.69e+08	7.69e+08	0	0	0
771	lg12	0	1e+06	7.7e+08	7.7e+08	0.047	35	0
772	lg12	1e+06	2e+06	7.71e+08	7.71e+08	0.015	0	0
773	lg12	2e+06	3e+06	7.72e+08	7.72e+08	0.118	2	0
774	lg12	3e+06	4e+06	7.73e+08	7.73e+08	0.446	18	0
775	lg12	4e+06	5e+06	7.74e+08	7.74e+08	0.102	5	0
776	lg12	5e+06	6e+06	7.75e+08	7.75e+08	0.337	14	2
777	lg12	6e+06	7e+06	7.76e+08	7.76e+08	0.202	303	1
778	lg12	7e+06	8e+06	7.77e+08	7.77e+08	0.367	23	0
779	lg12	8e+06	9e+06	7.78e+08	7.78e+08	0.479	15	0
780	lg12	9e+06	1e+07	7.79e+08	7.79e+08	0.378	21	0
781	lg12	1e+07	1.1e+07	7.8e+08	7.8e+08	0.163	8	0
782	lg12	1.1e+07	1.2e+07	7.81e+08	7.81e+08	0.129	5	0
783	lg12	1.2e+07	1.3e+07	7.82e+08	7.82e+08	0.094	8	0
784	lg12	1.3e+07	1.4e+07	7.83e+08	7.83e+08	0.189	16	2
785	lg12	1.4e+07	1.5e+07	7.84e+08	7.84e+08	0.079	5	0
786	lg12	1.5e+07	1.6e+07	7.85e+08	7.85e+08	0.103	2	1
787	lg12	1.6e+07	1.7e+07	7.86e+08	7.86e+08	0	1	0
788	lg12	1.7e+07	1.8e+07	7.87e+08	7.87e+08	0	0	0
789	lg12	1.8e+07	1.9e+07	7.88e+08	7.88e+08	0	0	0
790	lg12	1.9e+07	2e+07	7.89e+08	7.89e+08	0	0	0
